{
    "loss": 0.04643605649471283,
    "accuracy": 0.9865872859954834
}